PlotID,Accepted_name,Height,dbh1,dbh2,dbh3,dbh4,dbh5,dbh6
AC01,Drypetes_oblongifolia,2.03,2.4,NA,NA,NA,NA,NA
AC01,Coffea_canephora,2,1.3,3.2,4.9,2.6,NA,NA
AC01,Coffea_canephora,4.42,3.9,1.6,NA,NA,NA,NA
AC01,Tritaxis_beddomei,2.17,2.23,NA,NA,NA,NA,NA
AC01,Tritaxis_beddomei,3.59,1.6,NA,NA,NA,NA,NA
AC02,Tabernaemontana_alternifolia,4.83,3,NA,NA,NA,NA,NA
AC02,Coffea_canephora,2.53,1.9,1.9,1.9,NA,NA,NA
AC02,Dimocarpus_longan,1.97,1.5,NA,NA,NA,NA,NA
AC02,Dimocarpus_longan,2.5,2.6,NA,NA,NA,NA,NA
AC02,Cinnamomum_malabatrum,1.05,1.3,NA,NA,NA,NA,NA
AC02,Litsea_mysorensis,2.5,2.6,NA,NA,NA,NA,NA
AC02,Nothopegia_beddomei,5.69,3.5,NA,NA,NA,NA,NA
AC02,Cinnamomum_malabatrum,1.22,1.6,NA,NA,NA,NA,NA
EC03,Discospermum_sphaerocarpum,4.1,2.01,NA,NA,NA,NA,NA
EC03,Psychotria_nigra,3.3,4.29,NA,NA,NA,NA,NA
EC03,Casearia_wynadensis,6.5,6.34,NA,NA,NA,NA,NA
EC03,Coffea_arabica,1.2,4.08,NA,NA,NA,NA,NA
EC03,Microtropis_latifolia,1.5,1.15,NA,NA,NA,NA,NA
EC03,Psychotria_nigra,1.9,1.11,NA,NA,NA,NA,NA
EC03,Actinodaphne_bourdillonii,5.08,8.1,NA,NA,NA,NA,NA
EC02,Discospermum_sphaerocarpum,1.35,1.3,NA,NA,NA,NA,NA
EC02,Discospermum_sphaerocarpum,1.8,1.5,NA,NA,NA,NA,NA
EC02,Agrostistachys_borneensis,4.2,3.5,3.8,NA,NA,NA,NA
EC02,Agrostistachys_borneensis,6.17,9.4,9.4,3.4,NA,NA,NA
EC02,Agrostistachys_borneensis,5.7,8.7,NA,NA,NA,NA,NA
EC02,Agrostistachys_borneensis,4.5,2.5,2.7,2.8,2.5,1.8,NA
EC02,Cryptocarya_wightiana,6.2,6,NA,NA,NA,NA,NA
EC02,Agrostistachys_borneensis,6.7,8.9,7,NA,NA,NA,NA
EC02,Agrostistachys_borneensis,3.2,2.7,2.2,2.3,2,1.4,NA
EC02,Discospermum_sphaerocarpum,2.5,3.3,NA,NA,NA,NA,NA
EC02,Discospermum_sphaerocarpum,1.9,1.9,NA,NA,NA,NA,NA
AC04,Psychotria_nilgiriensis,2.5,1.5,NA,NA,NA,NA,NA
AC04,Clausena_anisata,6.5,5.5,NA,NA,NA,NA,NA
AC04,Clausena_anisata,5,3.8,NA,NA,NA,NA,NA
AC04,Clausena_anisata,4.5,5,NA,NA,NA,NA,NA
AC04,Clausena_anisata,3.5,2.6,NA,NA,NA,NA,NA
AC04,Syzygium_rubicundum,5,2.8,NA,NA,NA,NA,NA
AC04,Coffea_canephora,4,1.9,NA,NA,NA,NA,NA
AC04,Psychotria_nigra,2,1.3,NA,NA,NA,NA,NA
AC04,Clausena_anisata,7,5.6,NA,NA,NA,NA,NA
AC04,Actinodaphne_bourdillonii,6.5,5.7,NA,NA,NA,NA,NA
AC04,Litsea_mysorensis,4,5.9,NA,NA,NA,NA,NA
AC04,Eugenia_aloysii,4,3.2,1.3,3.2,2.2,5.2,2.8
AC04,Coffea_arabica,4.5,3.3,1.7,2.7,2.9,2.4,NA
AC04,Clausena_anisata,3,2.4,NA,NA,NA,NA,NA
AC04,Actinodaphne_bourdillonii,3,1.3,NA,NA,NA,NA,NA
AC04,Clausena_anisata,3.5,2.8,NA,NA,NA,NA,NA
AC04,Actinodaphne_bourdillonii,4,3.3,NA,NA,NA,NA,NA
AC04,Casearia_wynadensis,4.5,4.5,NA,NA,NA,NA,NA
AC04,Beilschmiedia_wightii,1.6,1.1,NA,NA,NA,NA,NA
EC04,Cinnamomum_malabatrum,2,1.3,NA,NA,NA,NA,NA
EC04,Psychotria_nilgiriensis,1.5,1.5,NA,NA,NA,NA,NA
EC04,Nothopegia_beddomei,6,5,5.6,NA,NA,NA,NA
EC04,Syzygium_laetum,5,9.2,NA,NA,NA,NA,NA
EC04,Psychotria_nilgiriensis,2.5,1.5,NA,NA,NA,NA,NA
EC04,Psychotria_nigra,2.5,1.5,1,NA,NA,NA,NA
EC04,Artocarpus_heterophyllus,7,7.3,NA,NA,NA,NA,NA
EC04,Cryptocarya_wightiana,2.5,1.9,NA,NA,NA,NA,NA
EC04,Strobilanthes_speciesA,2,1.2,NA,NA,NA,NA,NA
EC04,Cryptocarya_wightiana,4,3.2,NA,NA,NA,NA,NA
AC05,Coffea_canephora,5,1.3,2,4.9,4.5,4.4,NA
AC05,Coffea_canephora,2,1.1,NA,NA,NA,NA,NA
AC05,Coffea_canephora,2.5,1.1,NA,NA,NA,NA,NA
AC05,Coffea_canephora,2.7,1.7,NA,NA,NA,NA,NA
AC05,Coffea_canephora,4,2.6,4.2,3.9,NA,NA,NA
AC05,Coffea_canephora,6.5,1.4,NA,NA,NA,NA,NA
AC05,Coffea_arabica,2,1.8,NA,NA,NA,NA,NA
AC05,Coffea_canephora,2,1.8,NA,NA,NA,NA,NA
AC05,Coffea_canephora,2.5,1.4,NA,NA,NA,NA,NA
AC05,Coffea_canephora,2.5,1.2,NA,NA,NA,NA,NA
EC05,Camellia_sinensis,2.5,3.3,4,NA,NA,NA,NA
EC05,Mallotus_philippensis,4,8.5,NA,NA,NA,NA,NA
EC05,Camellia_sinensis,4.5,5.9,NA,NA,NA,NA,NA
EC05,Mesua_ferrea,2.5,2,NA,NA,NA,NA,NA
EC05,Psychotria_nigra,7.8,2.2,2.4,1.7,NA,NA,NA
EC05,Diospyros_nilagirica,4,3.5,NA,NA,NA,NA,NA
EC05,Cryptocarya_wightiana,1.5,2.1,1.5,NA,NA,NA,NA
EC05,Excoecaria_oppositifolia,2,1.4,2,NA,NA,NA,NA
EC05,Calophyllum_polyanthum,5.5,5.4,NA,NA,NA,NA,NA
EC06,Monoon_fragrans,1.5,1.5,1.6,NA,NA,NA,NA
EC06,Psychotria_nilgiriensis,2,3,NA,NA,NA,NA,NA
EC06,Blachia_umbellata,2.5,2.6,NA,NA,NA,NA,NA
EC06,Camellia_sinensis,4.5,6.3,NA,NA,NA,NA,NA
EC06,Camellia_sinensis,2,1.7,1.4,NA,NA,NA,NA
EC06,Camellia_sinensis,2,1.8,NA,NA,NA,NA,NA
EC06,Syzygium_rubicundum,4.5,2.9,NA,NA,NA,NA,NA
EC06,Memecylon_wightii,2,1.9,NA,NA,NA,NA,NA
EC06,Camellia_sinensis,2,6,NA,NA,NA,NA,NA
AC06,Psychotria_nilgiriensis,1.5,1.1,NA,NA,NA,NA,NA
AC06,Vateria_indica,3.5,2.8,NA,NA,NA,NA,NA
AC06,Actinodaphne_tadulingamii,2,1.9,NA,NA,NA,NA,NA
AC06,Coffea_canephora,5,2.4,NA,NA,NA,NA,NA
AC06,Coffea_canephora,4,2,NA,NA,NA,NA,NA
AC06,Actinodaphne_bourdillonii,4,2.5,NA,NA,NA,NA,NA
AC06,Psychotria_nilgiriensis,1.5,2,NA,NA,NA,NA,NA
AC06,Coffea_canephora,6,2.7,2.4,3.6,2.7,4,NA
AC06,Actinodaphne_tadulingamii,6,4.9,NA,NA,NA,NA,NA
AC06,Vateria_indica,6,4.5,NA,NA,NA,NA,NA
AC06,Vateria_indica,8,7.1,NA,NA,NA,NA,NA
AC06,Vateria_indica,5.5,4,NA,NA,NA,NA,NA
AC06,Vateria_indica,1.8,1.5,NA,NA,NA,NA,NA
AC06,Vateria_indica,1.8,2.5,NA,NA,NA,NA,NA
AC06,Blachia_umbellata,2.6,2.9,6,NA,NA,NA,NA
AC06,Scolopia_crenata,1.5,1.7,NA,NA,NA,NA,NA
AC06,Blachia_umbellata,5.5,1.4,1.6,2.8,NA,NA,NA
AC06,Vateria_indica,2.5,1.4,NA,NA,NA,NA,NA
AC06,Coffea_canephora,3,2.1,NA,NA,NA,NA,NA
AC06,Coffea_canephora,7.5,5.6,NA,NA,NA,NA,NA
AC07,Coffea_canephora,2.8,1.3,NA,NA,NA,NA,NA
AC07,Vateria_indica,3.1,3.3,NA,NA,NA,NA,NA
AC07,Mesua_ferrea,3.8,3.3,NA,NA,NA,NA,NA
AC07,Psychotria_nilgiriensis,1.04,1.8,1.6,NA,NA,NA,NA
AC07,Vateria_indica,1.83,1.5,NA,NA,NA,NA,NA
AC07,Coffea_canephora,1.74,1.6,NA,NA,NA,NA,NA
AC07,Dimocarpus_longan,3.7,2.5,NA,NA,NA,NA,NA
AC07,Vateria_indica,2.55,1.8,NA,NA,NA,NA,NA
AC07,Vateria_indica,2.85,2.2,NA,NA,NA,NA,NA
AC07,Coffea_canephora,2,1.4,NA,NA,NA,NA,NA
AC07,Coffea_canephora,2.34,1.2,NA,NA,NA,NA,NA
AC07,Vateria_indica,2.66,1.5,NA,NA,NA,NA,NA
AC07,Coffea_canephora,2.4,1.2,NA,NA,NA,NA,NA
AC07,Vateria_indica,2.65,2.5,NA,NA,NA,NA,NA
AC07,Climber_species,4.3,3.1,2.6,NA,NA,NA,NA
AC07,Vateria_indica,2.5,1.2,NA,NA,NA,NA,NA
AC07,Coffea_canephora,1.63,1.4,NA,NA,NA,NA,NA
AC07,Mesua_ferrea,2.66,1.9,NA,NA,NA,NA,NA
AC07,Psychotria_nilgiriensis,2.5,3.2,NA,NA,NA,NA,NA
AC07,Aphanamixis_polystachya,2.3,3.1,NA,NA,NA,NA,NA
AC07,Olea_dioica,2.98,3.1,NA,NA,NA,NA,NA
AC07,Vateria_indica,3.32,3.8,NA,NA,NA,NA,NA
EC07,Elaeodendron_paniculatum,4.85,5.6,NA,NA,NA,NA,NA
EC07,Elaeodendron_paniculatum,4,3.6,NA,NA,NA,NA,NA
EC07,Psychotria_nigra,3.06,1.7,NA,NA,NA,NA,NA
EC07,Aglaia_elaeagnoidea,1.85,1.9,NA,NA,NA,NA,NA
EC07,Mesua_ferrea,1.9,1.5,NA,NA,NA,NA,NA
EC07,Excoecaria_oppositifolia,2.35,1,NA,NA,NA,NA,NA
EC07,Aglaia_elaeagnoidea,2.5,1.9,NA,NA,NA,NA,NA
EC08,Mesua_ferrea,2.35,1.3,NA,NA,NA,NA,NA
EC08,Reinwardtiodendron_anamalaiense,2.85,1,NA,NA,NA,NA,NA
EC08,Vateria_indica,1.55,1.5,NA,NA,NA,NA,NA
EC08,Litsea_mysorensis,3.15,3.9,NA,NA,NA,NA,NA
EC08,Dimocarpus_longan,3.6,1.4,NA,NA,NA,NA,NA
EC08,Vateria_indica,3.25,2.8,1.7,NA,NA,NA,NA
EC08,Vateria_indica,3.15,1.4,NA,NA,NA,NA,NA
AC08,Coffea_canephora,2.8,1.8,NA,NA,NA,NA,NA
AC08,Coffea_canephora,2.1,1.9,NA,NA,NA,NA,NA
AC08,Coffea_canephora,2.3,1.2,NA,NA,NA,NA,NA
AC08,Coffea_canephora,2.2,1.5,NA,NA,NA,NA,NA
AC08,Coffea_canephora,2.1,1.1,NA,NA,NA,NA,NA
AC08,Leea_indica,1.9,1.4,NA,NA,NA,NA,NA
AC08,Coffea_canephora,2.3,1,NA,NA,NA,NA,NA
AC08,Dimocarpus_longan,1.3,1,NA,NA,NA,NA,NA
AC08,Mesua_ferrea,1.9,1.6,NA,NA,NA,NA,NA
AC08,Dimocarpus_longan,3.15,2.3,NA,NA,NA,NA,NA
AC08,Cinnamomum_malabatrum,3.2,1.2,NA,NA,NA,NA,NA
AC08,Leea_indica,3.3,1.3,NA,NA,NA,NA,NA
AC08,Dimocarpus_longan,3.2,2.9,NA,NA,NA,NA,NA
AC08,Symplocos_macrophylla,1.55,2.4,NA,NA,NA,NA,NA
AC08,Mesua_ferrea,3.5,2.4,NA,NA,NA,NA,NA
AC08,Monoon_fragrans,3.5,3.9,NA,NA,NA,NA,NA
AC08,Coffea_canephora,4.95,2.9,1.7,1.3,2.6,3.1,NA
AC08,Nothopegia_beddomei,2.35,2.6,NA,NA,NA,NA,NA
AC08,Coffea_arabica,3.1,1.8,NA,NA,NA,NA,NA
AC08,Coffea_canephora,4.4,2.9,NA,NA,NA,NA,NA
AC08,Coffea_canephora,4.85,2.8,NA,NA,NA,NA,NA
AC08,Coffea_canephora,3.25,1.4,NA,NA,NA,NA,NA
AC08,Dimocarpus_longan,2.5,1.1,NA,NA,NA,NA,NA
AC08,Coffea_canephora,2.75,1,NA,NA,NA,NA,NA
AC08,Tabernaemontana_alternifolia,6.3,8.2,NA,NA,NA,NA,NA
RF01,Blachia_umbellata,4.82,3.2,1.8,2.1,2.3,3.6,2
RF01,Callicarpa_tomentosa,4.41,8.2,NA,NA,NA,NA,NA
RF01,Colebrookea_oppositifolia,5.1,3.4,1.7,NA,NA,NA,NA
RF01,Blachia_umbellata,3.5,1.6,NA,NA,NA,NA,NA
RF01,Blachia_umbellata,2.36,1,NA,NA,NA,NA,NA
RF01,Microtropis_latifolia,2.61,3.6,NA,NA,NA,NA,NA
RF01,Psychotria_nigra,3.25,2,NA,NA,NA,NA,NA
RF01,Psychotria_nigra,2.57,2.2,NA,NA,NA,NA,NA
RF01,Nothopegia_beddomei,3.29,2.7,NA,NA,NA,NA,NA
RF01,Psychotria_nigra,3.49,1.6,NA,NA,NA,NA,NA
RF01,Nothopegia_castaneifolia,8.01,9.9,NA,NA,NA,NA,NA
RF01,Psychotria_nigra,2.57,1.9,NA,NA,NA,NA,NA
RF01,Eugenia_aloysii,8.7,8.7,NA,NA,NA,NA,NA
RF01,Dimocarpus_longan,2.27,1.5,NA,NA,NA,NA,NA
RF02,Drypetes_oblongifolia,3.22,2,NA,NA,NA,NA,NA
RF02,Glycosmis_macrocarpa,4.28,3.2,NA,NA,NA,NA,NA
RF02,Glycosmis_macrocarpa,5.31,4.8,NA,NA,NA,NA,NA
RF02,Glycosmis_macrocarpa,4.37,3.8,NA,NA,NA,NA,NA
RF02,Blachia_umbellata,2.66,1.4,NA,NA,NA,NA,NA
RF02,Cryptocarya_wightiana,10.6,9.8,NA,NA,NA,NA,NA
RF02,Nothopegia_beddomei,3.45,2.1,NA,NA,NA,NA,NA
RF02,Palaquium_ellipticum,3.67,2,NA,NA,NA,NA,NA
RF02,Drypetes_oblongifolia,1.7,1.1,NA,NA,NA,NA,NA
RF02,Blachia_umbellata,2.02,1.1,NA,NA,NA,NA,NA
RF02,Nothopegia_beddomei,7.96,2.4,2.6,NA,NA,NA,NA
RF02,Nothopegia_beddomei,2,1.4,NA,NA,NA,NA,NA
RF02,Blachia_umbellata,2.31,1.9,NA,NA,NA,NA,NA
RF02,Palaquium_ellipticum,9.08,5.4,NA,NA,NA,NA,NA
RF02,Blachia_umbellata,5.17,5,NA,NA,NA,NA,NA
RF05,Eugenia_aloysii,3.8,1.5,NA,NA,NA,NA,NA
RF05,Psychotria_nigra,6.2,4.3,5.5,NA,NA,NA,NA
RF05,Dimocarpus_longan,9.6,9.1,NA,NA,NA,NA,NA
RF05,Psychotria_nigra,2.5,4.6,NA,NA,NA,NA,NA
RF05,Casearia_wynadensis,7.9,6,NA,NA,NA,NA,NA
RF05,Symplocos_cochinchinensis,7,1.3,NA,NA,NA,NA,NA
RF05,Diospyros_candolleana,2.3,1.3,NA,NA,NA,NA,NA
RF05,Psychotria_nigra,4.1,2.9,1.7,NA,NA,NA,NA
RF05,Diospyros_candolleana,2.7,2,NA,NA,NA,NA,NA
RF05,Eugenia_aloysii,2.6,1.4,NA,NA,NA,NA,NA
RF04,Blachia_umbellata,3,3.8,NA,NA,NA,NA,NA
RF04,Eugenia_aloysii,2.5,2.8,NA,NA,NA,NA,NA
RF04,Nothopegia_castaneifolia,4.5,3.3,NA,NA,NA,NA,NA
RF04,Eugenia_aloysii,3.1,1,NA,NA,NA,NA,NA
RF04,Mesua_ferrea,6.8,4.5,NA,NA,NA,NA,NA
RF04,Nothopegia_beddomei,3.5,3.1,2.5,NA,NA,NA,NA
RF04,Blachia_umbellata,2.13,2.6,NA,NA,NA,NA,NA
RF04,Eugenia_aloysii,3.9,2.8,NA,NA,NA,NA,NA
RF04,Blachia_umbellata,2.5,3.2,NA,NA,NA,NA,NA
RF04,Eugenia_aloysii,4,3.7,NA,NA,NA,NA,NA
RF04,Blachia_umbellata,2.7,5,2.2,NA,NA,NA,NA
RF04,Meiogyne_pannosa,6.2,3.2,NA,NA,NA,NA,NA
RF04,Nothopegia_castaneifolia,9.7,8.6,NA,NA,NA,NA,NA
RF03,Litsea_mysorensis,4.25,9.5,NA,NA,NA,NA,NA
RF03,Psychotria_truncata,4.31,5.3,NA,NA,NA,NA,NA
RF03,Psychotria_nigra,5.97,2.5,1.8,NA,NA,NA,NA
RF03,Psychotria_nigra,2.39,2,NA,NA,NA,NA,NA
RF03,Psychotria_nigra,2.52,1.5,NA,NA,NA,NA,NA
RF03,Psychotria_nigra,1.19,2,NA,NA,NA,NA,NA
RF03,Psychotria_truncata,1.96,1.5,NA,NA,NA,NA,NA
RF03,Psychotria_truncata,3.14,4.5,2.7,2,NA,NA,NA
RF03,Psychotria_nigra,4.61,4,2.5,NA,NA,NA,NA
RF03,Blachia_umbellata,3.46,3,1.5,NA,NA,NA,NA
RF03,Blachia_umbellata,5.76,3.3,NA,NA,NA,NA,NA
RF03,Blachia_umbellata,4.76,4.3,3.8,NA,NA,NA,NA
RF03,Cryptocarya_wightiana,7.28,6.3,NA,NA,NA,NA,NA
RF03,Nothopegia_beddomei,6.17,9.8,NA,NA,NA,NA,NA
RF03,Blachia_umbellata,6.2,4,3.7,NA,NA,NA,NA
RF03,Discospermum_sphaerocarpum,3.52,1.7,NA,NA,NA,NA,NA
RF06,Blachia_umbellata,5.4,2.8,3.6,4.6,4.5,5,NA
RF06,Blachia_umbellata,5.6,3,NA,NA,NA,NA,NA
RF06,Diospyros_pruriens,9,9.2,NA,NA,NA,NA,NA
RF06,Blachia_umbellata,3.2,2.7,NA,NA,NA,NA,NA
RF06,Diospyros_pruriens,1.9,2.1,NA,NA,NA,NA,NA
RF06,Blachia_umbellata,2.7,1.7,NA,NA,NA,NA,NA
RF06,Blachia_umbellata,2.5,1.7,NA,NA,NA,NA,NA
RF06,Blachia_umbellata,2.6,2.4,NA,NA,NA,NA,NA
AC09,Coffea_canephora,5.3,4.7,2.1,NA,NA,NA,NA
AC09,Litsea_floribunda,6.11,8,NA,NA,NA,NA,NA
AC09,Psychotria_nigra,4.36,3.2,2.2,NA,NA,NA,NA
AC09,Aglaia_elaeagnoidea,3.19,3.3,NA,NA,NA,NA,NA
AC09,Nothopegia_beddomei,3.07,2.5,NA,NA,NA,NA,NA
AC09,Leea_indica,3.18,2.5,2,NA,NA,NA,NA
AC09,Actinodaphne_bourdillonii,1.63,1.5,NA,NA,NA,NA,NA
AC09,Coffea_canephora,3.21,4.4,NA,NA,NA,NA,NA
AC09,Clerodendrum_infortunatum,6.5,9,NA,NA,NA,NA,NA
AC09,Mastixia_arborea,3.5,2.4,NA,NA,NA,NA,NA
AC09,Leea_indica,4,2.9,NA,NA,NA,NA,NA
AC09,Mallotus_resinosus,3.15,3,1.5,NA,NA,NA,NA
AC09,Callicarpa_tomentosa,5.5,2,NA,NA,NA,NA,NA
AC09,Litsea_floribunda,7,3.8,NA,NA,NA,NA,NA
EC09,Beilschmiedia_wightii,3,2.6,NA,NA,NA,NA,NA
EC09,Eugenia_aloysii,3,1.5,NA,NA,NA,NA,NA
EC09,Aglaia_elaeagnoidea,3.8,2.7,NA,NA,NA,NA,NA
EC09,Eugenia_aloysii,4.5,1.7,1.7,NA,NA,NA,NA
EC09,Psychotria_nigra,2.91,2.6,2.6,NA,NA,NA,NA
EC09,Psychotria_nigra,2.75,2,NA,NA,NA,NA,NA
EC09,Nothopegia_beddomei,3.5,2.6,3.5,2,NA,NA,NA
EC09,Blachia_umbellata,3.5,2.3,2.7,1.8,2.1,NA,NA
EC09,Mesua_ferrea,3.64,2.2,NA,NA,NA,NA,NA
EC09,Nothopegia_beddomei,3.95,2,NA,NA,NA,NA,NA
EC09,Diospyros_nilagirica,4.94,3.4,NA,NA,NA,NA,NA
EC09,Blachia_umbellata,1.11,2.6,3,NA,NA,NA,NA
EC09,Psychotria_nigra,1.5,1.7,NA,NA,NA,NA,NA
EC09,Nothopegia_beddomei,4.25,2.9,1.32,NA,NA,NA,NA
EC09,Cinnamomum_malabatrum,3.25,2.2,NA,NA,NA,NA,NA
EC09,Mesua_ferrea,3.5,2,NA,NA,NA,NA,NA
EC09,Eugenia_aloysii,4.17,3,NA,NA,NA,NA,NA
AC10,Psychotria_nigra,3.68,3,NA,NA,NA,NA,NA
AC10,Olea_dioica,1.17,3.58,NA,NA,NA,NA,NA
AC10,Climber_species,2.5,4.2,NA,NA,NA,NA,NA
AC10,Cryptocarya_wightiana,2.62,1.6,NA,NA,NA,NA,NA
AC10,Cinnamomum_malabatrum,4.21,4,NA,NA,NA,NA,NA
AC10,Olea_dioica,4.35,3.3,NA,NA,NA,NA,NA
AC10,Mesua_ferrea,5,1.6,NA,NA,NA,NA,NA
AC10,Mallotus_philippensis,3.38,2.5,2.5,NA,NA,NA,NA
AC10,Clausena_anisata,3.88,2,NA,NA,NA,NA,NA
AC10,Pajanelia_longifolia,3.37,3.5,NA,NA,NA,NA,NA
AC10,Mesua_ferrea,3.7,2,NA,NA,NA,NA,NA
AC10,Coffea_arabica,2.5,1.3,2,1,NA,NA,NA
AC11,Coffea_canephora,3,2.1,NA,NA,NA,NA,NA
AC11,Coffea_canephora,4,1.45,NA,NA,NA,NA,NA
AC11,Coffea_canephora,1.5,1.4,NA,NA,NA,NA,NA
AC11,Coffea_canephora,2,1.4,NA,NA,NA,NA,NA
AC11,Syzygium_rubicundum,4.3,1.82,NA,NA,NA,NA,NA
AC11,Psychotria_nigra,3.5,1.63,1.8,3.3,1.04,1.3,NA
AC11,Coffea_canephora,2.5,1.9,NA,NA,NA,NA,NA
AC11,Coffea_canephora,2,1.5,NA,NA,NA,NA,NA
AC11,Dimocarpus_longan,2.1,1.1,NA,NA,NA,NA,NA
AC11,Coffea_canephora,2.5,1.7,NA,NA,NA,NA,NA
AC11,Clausena_anisata,2.3,1.8,NA,NA,NA,NA,NA
AC11,Casearia_wynadensis,3.5,1.64,NA,NA,NA,NA,NA
AC11,Coffea_canephora,4,1.85,NA,NA,NA,NA,NA
AC11,Ixora_brachiata,3,1.9,NA,NA,NA,NA,NA
AC11,Coffea_canephora,3.5,1.8,NA,NA,NA,NA,NA
AC11,Coffea_arabica,3.5,2.9,NA,NA,NA,NA,NA
AC11,Coffea_canephora,3,1.2,NA,NA,NA,NA,NA
AC11,Coffea_canephora,3,1.5,NA,NA,NA,NA,NA
AC11,Coffea_canephora,2,1.8,NA,NA,NA,NA,NA
AC11,Coffea_canephora,5,4.3,NA,NA,NA,NA,NA
AC11,Coffea_canephora,2.5,1.4,NA,NA,NA,NA,NA
AC11,Psychotria_nigra,3,1.3,NA,NA,NA,NA,NA
AC11,Coffea_canephora,2.5,1.5,NA,NA,NA,NA,NA
AC11,Mangifera_indica,3.5,2,NA,NA,NA,NA,NA
AC11,Coffea_canephora,3.5,1.2,NA,NA,NA,NA,NA
AC11,Coffea_canephora,4.5,1.9,NA,NA,NA,NA,NA
AC11,Coffea_canephora,2,1.8,NA,NA,NA,NA,NA
AC11,Mangifera_indica,3,2.4,NA,NA,NA,NA,NA
AC11,Coffea_canephora,3,1.7,NA,NA,NA,NA,NA
AC11,Dimocarpus_longan,3,3.3,1,NA,NA,NA,NA
AC11,Coffea_canephora,3.5,1.1,NA,NA,NA,NA,NA
AC11,Coffea_canephora,2.5,1.5,NA,NA,NA,NA,NA
AC11,Coffea_canephora,3,2,NA,NA,NA,NA,NA
AC11,Coffea_canephora,4.5,2,NA,NA,NA,NA,NA
AC11,Coffea_canephora,3.5,1.8,1.6,1.5,2.3,NA,NA
AC11,Psychotria_nigra,3,2.25,1.6,NA,NA,NA,NA
AC11,Psychotria_nigra,3.5,1.9,NA,NA,NA,NA,NA
AC12,Maesa_indica,3.63,2.15,NA,NA,NA,NA,NA
AC12,Maesa_indica,3.73,2.24,NA,NA,NA,NA,NA
AC12,Clausena_anisata,2.36,1.13,NA,NA,NA,NA,NA
AC12,Coffea_canephora,5.08,1.09,NA,NA,NA,NA,NA
AC12,Litsea_floribunda,5.16,5.28,NA,NA,NA,NA,NA
AC12,Coffea_canephora,2.8,1.28,NA,NA,NA,NA,NA
AC12,Mallotus_philippensis,3.88,3.76,NA,NA,NA,NA,NA
AC12,Cinnamomum_malabatrum,4.67,4.62,NA,NA,NA,NA,NA
AC12,Heynea_trijuga,8,6.1,NA,NA,NA,NA,NA
AC13,Coffea_arabica,2.38,2.3,NA,NA,NA,NA,NA
AC13,Dimocarpus_longan,1.89,1,1.2,NA,NA,NA,NA
AC13,Dimocarpus_longan,3.5,1.3,NA,NA,NA,NA,NA
AC13,Dimocarpus_longan,3.21,1.7,NA,NA,NA,NA,NA
AC13,Coffea_canephora,4.68,4.2,5.4,3.5,3.5,NA,NA
AC13,Aglaia_elaeagnoidea,3.04,1.6,NA,NA,NA,NA,NA
AC13,Dimocarpus_longan,2.05,1.3,NA,NA,NA,NA,NA
AC13,Dimocarpus_longan,1.8,1.1,NA,NA,NA,NA,NA
AC13,Dimocarpus_longan,3.77,3,NA,NA,NA,NA,NA
AC13,Microtropis_latifolia,4.3,5,NA,NA,NA,NA,NA
AC13,Coffea_canephora,3.25,1.3,NA,NA,NA,NA,NA
AC13,Coffea_canephora,5.5,2.5,NA,NA,NA,NA,NA
AC13,Dimocarpus_longan,5,2,NA,NA,NA,NA,NA
AC13,Dimocarpus_longan,3.4,1.2,NA,NA,NA,NA,NA
AC13,Coffea_canephora,2.5,1.3,NA,NA,NA,NA,NA
AC13,Cinnamomum_malabatrum,6.2,5.7,NA,NA,NA,NA,NA
AC13,Casearia_graveolens,6.2,5,NA,NA,NA,NA,NA
AC14,Coffea_canephora,4.75,2.5,2.4,3.6,3.2,NA,NA
AC14,Vateria_indica,3.09,2.9,NA,NA,NA,NA,NA
AC14,Dimocarpus_longan,3.51,3.3,NA,NA,NA,NA,NA
AC14,Callicarpa_tomentosa,4.9,5.4,NA,NA,NA,NA,NA
AC14,Dimocarpus_longan,3.96,3,NA,NA,NA,NA,NA
AC14,Diospyros_nilagirica,4.31,4.9,NA,NA,NA,NA,NA
AC14,Dimocarpus_longan,4.94,4.6,NA,NA,NA,NA,NA
AC14,Aglaia_elaeagnoidea,2,1,NA,NA,NA,NA,NA
AC14,Coffea_arabica,3.81,2.5,NA,NA,NA,NA,NA
AC14,Diospyros_nilagirica,2.76,1.9,NA,NA,NA,NA,NA
AC14,Vateria_indica,3.1,1.5,NA,NA,NA,NA,NA
AC14,Vateria_indica,6.88,7,NA,NA,NA,NA,NA
AC14,Nothopegia_beddomei,3.82,2.8,NA,NA,NA,NA,NA
AC14,Vateria_indica,2.03,1,NA,NA,NA,NA,NA
AC14,Vateria_indica,3.27,2,NA,NA,NA,NA,NA
AC14,Vateria_indica,5.77,3.5,NA,NA,NA,NA,NA
AC14,Vateria_indica,2.3,1.9,NA,NA,NA,NA,NA
AC14,Vateria_indica,2.4,1.6,NA,NA,NA,NA,NA
AC14,Vateria_indica,5.99,4.5,NA,NA,NA,NA,NA
AC14,Melicope_lunuankenda,5.69,3.3,NA,NA,NA,NA,NA
AC14,Vateria_indica,3.21,2.2,NA,NA,NA,NA,NA
AC14,Coffea_canephora,6.67,4.1,NA,NA,NA,NA,NA
AC14,Diospyros_nilagirica,2.3,1.5,NA,NA,NA,NA,NA
AC14,Dimocarpus_longan,4.9,2.3,NA,NA,NA,NA,NA
AC14,Cinnamomum_malabatrum,2.15,1.2,NA,NA,NA,NA,NA
AC14,Vateria_indica,3.3,3.1,NA,NA,NA,NA,NA
AC14,Coffea_arabica,2.9,1.3,NA,NA,NA,NA,NA
AC14,Symplocos_macrophylla,4.9,3.1,NA,NA,NA,NA,NA
AC14,Coffea_canephora,5.2,2,NA,NA,NA,NA,NA
AC15,Coffea_arabica,3.6,1.6,1,3.3,NA,NA,NA
AC15,Mesua_ferrea,2.76,1.4,NA,NA,NA,NA,NA
AC15,Vateria_indica,2.82,2.8,NA,NA,NA,NA,NA
AC15,Coffea_canephora,2.68,1.9,NA,NA,NA,NA,NA
AC15,Vateria_indica,3.17,3.3,NA,NA,NA,NA,NA
AC15,Vateria_indica,2.01,1.4,NA,NA,NA,NA,NA
AC15,Cinnamomum_malabatrum,2.55,1.5,NA,NA,NA,NA,NA
AC15,Dimocarpus_longan,3.9,2.9,NA,NA,NA,NA,NA
AC15,Dimocarpus_longan,2.2,1.1,NA,NA,NA,NA,NA
AC15,Dimocarpus_longan,3.2,2,NA,NA,NA,NA,NA
AC15,Dimocarpus_longan,3,2.1,NA,NA,NA,NA,NA
AC15,Vateria_indica,2.5,1.7,NA,NA,NA,NA,NA
AC15,Dimocarpus_longan,8.8,9,NA,NA,NA,NA,NA
AC15,Dimocarpus_longan,3.3,2.5,NA,NA,NA,NA,NA
AC15,Diospyros_nilagirica,5.2,3.2,1.7,1.3,5.3,NA,NA
AC15,Dimocarpus_longan,2.6,1.1,NA,NA,NA,NA,NA
AC15,Cinnamomum_malabatrum,4,1.9,1.1,NA,NA,NA,NA
AC15,Dimocarpus_longan,2.3,1,NA,NA,NA,NA,NA
AC15,Coffea_canephora,2.6,1.2,NA,NA,NA,NA,NA
AC15,Dimocarpus_longan,3,1.3,NA,NA,NA,NA,NA
AC15,Dimocarpus_longan,3.1,1.1,NA,NA,NA,NA,NA
AC15,Dimocarpus_longan,4.6,2.6,NA,NA,NA,NA,NA
AC15,Coffea_canephora,2.3,1.3,NA,NA,NA,NA,NA
AC15,Mallotus_philippensis,4.2,1.3,2.3,NA,NA,NA,NA
EC10,Memecylon_randerianum,1.88,1,NA,NA,NA,NA,NA
EC10,Nothopegia_beddomei,5,3.6,NA,NA,NA,NA,NA
EC10,Mesua_ferrea,1.87,1.9,NA,NA,NA,NA,NA
EC10,Paracroton_pendulus,6.3,6.8,NA,NA,NA,NA,NA
EC10,Calophyllum_polyanthum,2.7,1.3,NA,NA,NA,NA,NA
EC10,Eugenia_aloysii,2.5,1.4,NA,NA,NA,NA,NA
EC10,Cinnamomum_keralaense,2.3,2.3,NA,NA,NA,NA,NA
EC10,Litsea_laevigata,3.6,2.4,NA,NA,NA,NA,NA
EC10,Reinwardtiodendron_anamalaiense,2.4,1.1,NA,NA,NA,NA,NA
EC10,Discospermum_sphaerocarpum,3.3,1.4,NA,NA,NA,NA,NA
EC10,Eugenia_aloysii,2.6,1,NA,NA,NA,NA,NA
EC10,Luvunga_sarmentosa ,1.5,1,NA,NA,NA,NA,NA
AC18,Coffea_arabica,3.5,1.9,1.4,NA,NA,NA,NA
AC18,Clerodendrum_infortunatum,2,1.2,NA,NA,NA,NA,NA
AC18,Clerodendrum_infortunatum,2.7,1.1,NA,NA,NA,NA,NA
AC18,Colebrookea_oppositifolia,2,1.1,NA,NA,NA,NA,NA
AC18,Clerodendrum_infortunatum,2.2,1.3,NA,NA,NA,NA,NA
AC18,Coffea_canephora,5,3,2.5,2.5,NA,NA,NA
AC18,Clerodendrum_infortunatum,2.5,1.5,NA,NA,NA,NA,NA
AC18,Coffea_canephora,3,1.5,NA,NA,NA,NA,NA
AC18,Colebrookea_oppositifolia,2.9,2.5,1,1.5,NA,NA,NA
AC18,Clerodendrum_infortunatum,4,1.6,NA,NA,NA,NA,NA
AC18,Ficus_hispida,4.1,2.1,NA,NA,NA,NA,NA
AC18,Paracroton_pendulus,2,1.1,NA,NA,NA,NA,NA
AC18,Colebrookea_oppositifolia,4.5,1.9,NA,NA,NA,NA,NA
AC18,Nothopegia_beddomei,2.5,1.5,1.3,NA,NA,NA,NA
AC18,Clerodendrum_infortunatum,3.1,1.5,NA,NA,NA,NA,NA
AC18,Clerodendrum_infortunatum,2.8,1.6,NA,NA,NA,NA,NA
AC18,Litsea_oleoides,2.1,1.5,NA,NA,NA,NA,NA
AC17,Coffea_canephora,3.3,1.6,1.5,1.1,NA,NA,NA
AC17,Coffea_canephora,2.5,1.3,NA,NA,NA,NA,NA
AC17,Mallotus_philippensis,7.8,7.1,NA,NA,NA,NA,NA
AC17,Vateria_indica,5.5,4.1,NA,NA,NA,NA,NA
AC17,Nothopegia_beddomei,4.8,4.9,NA,NA,NA,NA,NA
AC17,Coffea_canephora,3.1,1.7,NA,NA,NA,NA,NA
AC17,Psychotria_nigra,2.45,1.7,NA,NA,NA,NA,NA
AC17,Coffea_canephora,2.5,1,NA,NA,NA,NA,NA
AC17,Clausena_anisata,5.1,5.7,1.7,NA,NA,NA,NA
AC17,Coffea_canephora,3.5,1.2,NA,NA,NA,NA,NA
AC17,Coffea_canephora,3.4,2,NA,NA,NA,NA,NA
AC17,Coffea_canephora,3,1.8,1.6,1,NA,NA,NA
AC17,Dimocarpus_longan,3,1.8,NA,NA,NA,NA,NA
AC17,Coffea_arabica,2.5,2.6,2.2,2,2.2,NA,NA
AC17,Coffea_canephora,3.5,1.8,NA,NA,NA,NA,NA
AC17,Coffea_canephora,2.8,1.5,NA,NA,NA,NA,NA
AC17,Coffea_canephora,3.5,1.2,NA,NA,NA,NA,NA
AC17,Coffea_canephora,5.7,2.3,NA,NA,NA,NA,NA
AC17,Dimocarpus_longan,2.5,1,NA,NA,NA,NA,NA
AC17,Coffea_canephora,3.5,2,NA,NA,NA,NA,NA
AC16,Litsea_floribunda,7.2,9.3,NA,NA,NA,NA,NA
AC16,Aglaia_elaeagnoidea,3.18,2.5,NA,NA,NA,NA,NA
AC16,Aglaia_elaeagnoidea,3.23,4.37,NA,NA,NA,NA,NA
AC16,Coffea_arabica,3,1.9,1.46,NA,NA,NA,NA
AC16,Microtropis_latifolia,2.6,1.3,NA,NA,NA,NA,NA
AC16,Microtropis_latifolia,3.3,1.47,NA,NA,NA,NA,NA
AC16,Cryptocarya_wightiana,3,1.39,NA,NA,NA,NA,NA
AC16,Microtropis_latifolia,2.5,1.39,NA,NA,NA,NA,NA
AC16,Microtropis_latifolia,2.5,1.23,NA,NA,NA,NA,NA
AC16,Microtropis_latifolia,2.5,1.15,NA,NA,NA,NA,NA
AC16,Coffea_arabica,2.4,1.7,1.4,1.6,NA,NA,NA
AC16,Toona_ciliata,7.9,5.35,NA,NA,NA,NA,NA
AC16,Nothopegia_beddomei,3.5,2.5,NA,NA,NA,NA,NA
AC16,Reinwardtiodendron_anamalaiense,3.5,2,NA,NA,NA,NA,NA
AC19,Coffea_arabica,2.11,1,NA,NA,NA,NA,NA
AC19,Coffea_canephora,7.1,5.7,NA,NA,NA,NA,NA
AC19,Aglaia_elaeagnoidea,3.3,2.3,NA,NA,NA,NA,NA
AC19,Coffea_arabica,3.8,1.6,1.8,NA,NA,NA,NA
AC19,Actinodaphne_bourdillonii,5.9,3.7,NA,NA,NA,NA,NA
AC19,Coffea_canephora,6.2,3.4,1.7,1.3,NA,NA,NA
AC19,Meiogyne_pannosa,4.3,2,1.7,NA,NA,NA,NA
AC19,Cinnamomum_malabatrum,2.2,1.1,NA,NA,NA,NA,NA
AC19,Paracroton_pendulus,5.1,3.6,NA,NA,NA,NA,NA
AC19,Dimocarpus_longan,3.9,1.8,NA,NA,NA,NA,NA
AC19,Callicarpa_tomentosa,5.1,5.5,NA,NA,NA,NA,NA
AC19,Dimocarpus_longan,2.5,1.3,NA,NA,NA,NA,NA
AC19,Paracroton_pendulus,7,7.4,NA,NA,NA,NA,NA
AC19,Diospyros_nilagirica,3.4,1.6,NA,NA,NA,NA,NA
AC19,Coffea_arabica,3.4,2.1,NA,NA,NA,NA,NA
AC19,Coffea_canephora,4.3,2,NA,NA,NA,NA,NA
AC19,Coffea_canephora,5.5,3,2.6,1.7,NA,NA,NA
AC19,Tritaxis_beddomei,4.7,2.7,NA,NA,NA,NA,NA
AC19,Dimocarpus_longan,2,1.1,NA,NA,NA,NA,NA
AC19,Syzygium_rubicundum,2.7,1,NA,NA,NA,NA,NA
AC19,Diospyros_pruriens,2.3,1.4,NA,NA,NA,NA,NA
AC19,Coffea_arabica,4,1.8,NA,NA,NA,NA,NA
AC19,Coffea_arabica,3.1,1.1,NA,NA,NA,NA,NA
AC19,Dimocarpus_longan,2.9,1.7,NA,NA,NA,NA,NA
AC19,Coffea_arabica,2,1,NA,NA,NA,NA,NA
AC19,Clausena_indica,7.5,4.7,NA,NA,NA,NA,NA
AC19,Coffea_arabica,4.5,1.7,NA,NA,NA,NA,NA
AC19,Nothopegia_beddomei,3.4,1.3,NA,NA,NA,NA,NA
AC19,Dimocarpus_longan,2.8,1.1,NA,NA,NA,NA,NA
AC19,Diospyros_nilagirica,4,1.7,NA,NA,NA,NA,NA
AC19,Psychotria_nilgiriensis,2,1,NA,NA,NA,NA,NA
AC19,Coffea_arabica,2.5,1.1,NA,NA,NA,NA,NA
AC19,Coffea_arabica,3.5,1.3,NA,NA,NA,NA,NA
AC19,Paracroton_pendulus,2.4,2.1,NA,NA,NA,NA,NA
AC19,Aglaia_elaeagnoidea,3.9,2,NA,NA,NA,NA,NA
AC19,Reinwardtiodendron_anamalaiense,2.5,1.2,NA,NA,NA,NA,NA
AC19,Excoecaria_oppositifolia,4.3,3.1,NA,NA,NA,NA,NA
AC19,Nothopegia_beddomei,3.5,1,NA,NA,NA,NA,NA
AC19,Coffea_arabica,2,1,NA,NA,NA,NA,NA
AC20,Coffea_canephora,4.5,4.3,4.2,2,1.9,1.8,1
AC20,Psychotria_nigra,2,1.6,NA,NA,NA,NA,NA
AC20,Aglaia_elaeagnoidea,4.3,2.1,NA,NA,NA,NA,NA
AC20,Cinnamomum_malabatrum,2,1.1,NA,NA,NA,NA,NA
AC20,Coffea_canephora,5.5,1.9,1.9,1,NA,NA,NA
AC20,Coffea_canephora,4.6,1.7,NA,NA,NA,NA,NA
AC20,Mallotus_philippensis,6.7,7.3,1.8,NA,NA,NA,NA
AC20,Coffea_canephora,5.5,2.6,1.9,1.8,1.4,1,1.1
AC20,Dimocarpus_longan,3.9,2.3,NA,NA,NA,NA,NA
EC11,Diospyros_pruriens,3.3,3.5,2.9,NA,NA,NA,NA
EC11,Nothopegia_beddomei,2.5,1.2,NA,NA,NA,NA,NA
EC11,Nothopegia_beddomei,7.53,7.7,NA,NA,NA,NA,NA
EC11,Psychotria_nigra,2.64,2,NA,NA,NA,NA,NA
EC11,Hopea_canarensis,2.48,1.9,1.9,NA,NA,NA,NA
EC11,Syzygium_laetum,3.5,2.1,2.2,2.4,NA,NA,NA
EC11,Dichapetalum_gelonioides,2.33,1.7,NA,NA,NA,NA,NA
EC12,Dimocarpus_longan,3.5,2.39,NA,NA,NA,NA,NA
EC12,Excoecaria_oppositifolia,2.1,1.9,NA,NA,NA,NA,NA
EC12,Actinodaphne_bourdillonii,3.5,1,NA,NA,NA,NA,NA
EC12,Reinwardtiodendron_anamalaiense,4.2,2.38,NA,NA,NA,NA,NA
EC12,Reinwardtiodendron_anamalaiense,2.5,1,NA,NA,NA,NA,NA
EC12,Reinwardtiodendron_anamalaiense,3.3,2.1,NA,NA,NA,NA,NA
EC12,Hopea_canarensis,6.7,3.9,NA,NA,NA,NA,NA
EC12,Excoecaria_oppositifolia,4.6,1.9,NA,NA,NA,NA,NA
EC12,Hopea_canarensis,7.63,6.7,NA,NA,NA,NA,NA
EC12,Excoecaria_oppositifolia,4.25,3.2,NA,NA,NA,NA,NA
EC12,Eugenia_aloysii,2.6,3.2,1.1,NA,NA,NA,NA
EC12,Dimocarpus_longan,4.4,2.2,NA,NA,NA,NA,NA
EC12,Dimocarpus_longan,3.6,1.9,1.8,1.7,NA,NA,NA
EC12,Macaranga_peltata,8.7,5.6,NA,NA,NA,NA,NA
EC12,Callicarpa_tomentosa,4.4,8.4,NA,NA,NA,NA,NA
EC12,Callicarpa_tomentosa,8,5.1,3.3,NA,NA,NA,NA
EC12,Callicarpa_tomentosa,10.7,6.1,NA,NA,NA,NA,NA
EC12,Syzygium_rubicundum,3,2.1,1..4,NA,NA,NA,NA
EC13,Nothopegia_beddomei,3.37,1.3,2.3,1.7,NA,NA,NA
EC13,Syzygium_rubicundum,2.6,2.5,1.8,NA,NA,NA,NA
EC13,Cryptocarya_wightiana,2.57,2.1,2.8,NA,NA,NA,NA
EC13,Excoecaria_oppositifolia,2.72,2.2,NA,NA,NA,NA,NA
EC13,Nothopegia_beddomei,3.14,1.7,NA,NA,NA,NA,NA
EC13,Actinodaphne_bourdillonii,5.63,4.24,NA,NA,NA,NA,NA
EC13,Actinodaphne_bourdillonii,5.5,3.2,3.9,2.9,2.2,NA,NA
EC13,Callicarpa_tomentosa,5.4,3.6,NA,NA,NA,NA,NA
EC13,Cryptocarya_wightiana,2.9,1.1,NA,NA,NA,NA,NA
EC13,Aglaia_elaeagnoidea,9.3,8.1,NA,NA,NA,NA,NA
EC13,Nothopegia_beddomei,5,6.1,NA,NA,NA,NA,NA
EC14,Dimocarpus_longan,2.5,1.64,NA,NA,NA,NA,NA
EC14,Reinwardtiodendron_anamalaiense,2.6,2,NA,NA,NA,NA,NA
EC14,Reinwardtiodendron_anamalaiense,3.5,2.3,NA,NA,NA,NA,NA
EC14,Nothopegia_beddomei,3,1.6,NA,NA,NA,NA,NA
EC14,Mesua_ferrea,5.5,4.1,NA,NA,NA,NA,NA
EC14,Reinwardtiodendron_anamalaiense,1.75,1.4,NA,NA,NA,NA,NA
EC14,Reinwardtiodendron_anamalaiense,1.5,1.7,NA,NA,NA,NA,NA
EC14,Litsea_floribunda,1.75,1.2,NA,NA,NA,NA,NA
EC15,Reinwardtiodendron_anamalaiense,2.5,1.4,NA,NA,NA,NA,NA
EC15,Hopea_canarensis,6.5,4.2,NA,NA,NA,NA,NA
EC15,Eugenia_aloysii,2.5,1.6,NA,NA,NA,NA,NA
EC15,Eugenia_aloysii,2.5,1.4,NA,NA,NA,NA,NA
EC15,Syzygium_gardneri,6.4,6.3,NA,NA,NA,NA,NA
EC15,Nothopegia_beddomei,2,2.8,NA,NA,NA,NA,NA
EC15,Dysoxylum_malabaricum,3.5,2.7,NA,NA,NA,NA,NA
EC15,Nothopegia_beddomei,4.5,8.7,NA,NA,NA,NA,NA
EC15,Aglaia_elaeagnoidea,3.5,1.2,NA,NA,NA,NA,NA
EC15,Coffea_canephora,3,1.7,NA,NA,NA,NA,NA
EC15,Coffea_canephora,2.5,1.3,NA,NA,NA,NA,NA
EC16,Psychotria_nigra,2.5,1.7,NA,NA,NA,NA,NA
EC16,Memecylon_wightii,2.6,1.1,NA,NA,NA,NA,NA
EC16,Psychotria_nilgiriensis,2,1.3,NA,NA,NA,NA,NA
EC16,Psychotria_nilgiriensis,2,1,NA,NA,NA,NA,NA
EC16,Nothopegia_castaneifolia,2.7,1.1,NA,NA,NA,NA,NA
EC16,Nothopegia_castaneifolia,3.3,1.3,NA,NA,NA,NA,NA
EC16,Lasianthus_parvifolius,4.9,3,1.7,NA,NA,NA,NA
EC16,Clerodendrum_infortunatum,3.8,2.2,NA,NA,NA,NA,NA
EC16,Psychotria_nigra,2.9,2.9,NA,NA,NA,NA,NA
EC16,Psychotria_nilgiriensis,2.4,1.5,NA,NA,NA,NA,NA
EC16,Psychotria_nilgiriensis,2.5,1.8,1,NA,NA,NA,NA
EC16,Clausena_indica,4.9,3.1,NA,NA,NA,NA,NA
EC16,Psychotria_nilgiriensis,3,1.6,1.2,NA,NA,NA,NA
EC16,Psychotria_nilgiriensis,2,1.1,1.3,1.2,NA,NA,NA
EC16,Aglaia_elaeagnoidea,2.3,1,NA,NA,NA,NA,NA
EC16,Psychotria_nilgiriensis,2.1,1.1,NA,NA,NA,NA,NA
EC16,Nothopegia_beddomei,2.2,1,NA,NA,NA,NA,NA
EC16,Psychotria_nigra,3.4,2.5,NA,NA,NA,NA,NA
EC16,Psychotria_nigra,3.1,2.4,NA,NA,NA,NA,NA
EC16,Mesua_ferrea,2.9,1.9,NA,NA,NA,NA,NA
EC16,Memecylon_wightii,2.2,1,NA,NA,NA,NA,NA
EC16,Psychotria_nilgiriensis,2,1.1,1,NA,NA,NA,NA
EC16,Litsea_floribunda,2,1.1,NA,NA,NA,NA,NA
EC17,Garcinia_morella,4,2.9,1.7,NA,NA,NA,NA
EC17,Dimocarpus_longan,4.2,2.6,1.6,NA,NA,NA,NA
EC17,Reinwardtiodendron_anamalaiense,2,1.2,1.1,NA,NA,NA,NA
EC17,Reinwardtiodendron_anamalaiense,7.1,5.5,3.4,NA,NA,NA,NA
EC17,Mesua_ferrea,3.8,1.7,NA,NA,NA,NA,NA
EC17,Nothopegia_castaneifolia,3.5,1.1,NA,NA,NA,NA,NA
EC17,Reinwardtiodendron_anamalaiense,4.2,2.6,NA,NA,NA,NA,NA
EC17,Mesua_ferrea,4.2,2.7,NA,NA,NA,NA,NA
EC17,Eugenia_aloysii,3.7,2.6,1.7,1.6,NA,NA,NA
EC17,Reinwardtiodendron_anamalaiense,2.9,1.9,NA,NA,NA,NA,NA
EC17,Psychotria_nigra,4.6,2.2,NA,NA,NA,NA,NA
EC17,Dimocarpus_longan,3.4,1.5,NA,NA,NA,NA,NA
EC17,Psychotria_nigra,2.9,1.2,NA,NA,NA,NA,NA
EC17,Vateria_indica,4.1,2.8,NA,NA,NA,NA,NA
EC17,Glycosmis_macrocarpa,8,8.1,NA,NA,NA,NA,NA
EC17,Mesua_ferrea,2.3,1,NA,NA,NA,NA,NA
EC17,Nothopegia_beddomei,4.5,2.7,NA,NA,NA,NA,NA
EC17,Drypetes_oblongifolia,3.1,2.5,NA,NA,NA,NA,NA
EC17,Dimocarpus_longan,2.6,1.4,NA,NA,NA,NA,NA
EC17,Dichapetalum_gelonioides,2.7,1.8,NA,NA,NA,NA,NA
EC17,Memecylon_wightii,2.5,1.5,NA,NA,NA,NA,NA
EC17,Vateria_indica,2.4,1.1,NA,NA,NA,NA,NA
EC18,NA,NA,NA,NA,NA,NA,NA,NA
EC19,Psychotria_nigra,2,1,NA,NA,NA,NA,NA
EC19,Nothopegia_beddomei,2.6,1,NA,NA,NA,NA,NA
EC19,Dimocarpus_longan,3.3,2,1.2,NA,NA,NA,NA
EC19,Holigarna_nigra,2.5,1.1,NA,NA,NA,NA,NA
EC19,Clausena_indica,4.6,2.3,NA,NA,NA,NA,NA
EC19,Aglaia_elaeagnoidea,2.7,1.1,NA,NA,NA,NA,NA
EC19,Callicarpa_tomentosa,6.3,6.6,NA,NA,NA,NA,NA
EC19,Calophyllum_polyanthum,5.2,2.1,NA,NA,NA,NA,NA
EC19,Macaranga_peltata,8.6,6.7,NA,NA,NA,NA,NA
EC19,Clausena_indica,4.4,3.4,1.6,NA,NA,NA,NA
EC19,Glycosmis_macrocarpa,4.6,2.6,NA,NA,NA,NA,NA
EC19,Dimocarpus_longan,3.5,1.6,NA,NA,NA,NA,NA
EC19,Psychotria_nigra,2,1,NA,NA,NA,NA,NA
EC19,Dimocarpus_longan,3.1,1.2,NA,NA,NA,NA,NA
EC19,Machilus_glaucescens,2.3,1.2,NA,NA,NA,NA,NA
EC19,Callicarpa_tomentosa,4.6,3.4,NA,NA,NA,NA,NA
EC19,Dimocarpus_longan,2.7,1.3,NA,NA,NA,NA,NA
EC19,Microtropis_latifolia,2.6,1.6,NA,NA,NA,NA,NA
EC19,Dimocarpus_longan,2.6,1.7,NA,NA,NA,NA,NA
EC19,Clausena_indica,4.1,1.9,1.2,NA,NA,NA,NA
EC19,Excoecaria_oppositifolia,6.5,4.9,NA,NA,NA,NA,NA
EC19,Psychotria_nigra,2.5,1.9,NA,NA,NA,NA,NA
EC19,Psychotria_nigra,2.6,2.7,NA,NA,NA,NA,NA
EC19,Excoecaria_oppositifolia,2.9,2,NA,NA,NA,NA,NA
EC19,Psychotria_nigra,2.5,1.6,NA,NA,NA,NA,NA
EC19,Callicarpa_tomentosa,1.5,1.2,NA,NA,NA,NA,NA
EC19,Cryptocarya_wightiana,2.4,2.4,NA,NA,NA,NA,NA
EC19,Dysoxylum_malabaricum,2.4,1.4,NA,NA,NA,NA,NA
EC20,Actinodaphne_bourdillonii,6.4,6.7,NA,NA,NA,NA,NA
EC20,Psychotria_nigra,2.5,2.1,1,NA,NA,NA,NA
EC20,Mesua_ferrea,5.2,3.8,NA,NA,NA,NA,NA
EC20,Psychotria_nigra,2.2,1.8,NA,NA,NA,NA,NA
EC20,Mesua_ferrea,5.2,4,NA,NA,NA,NA,NA
EC20,Litsea_mysorensis,2.9,3.1,NA,NA,NA,NA,NA
RF07,Olea_dioica,3.25,1.25,NA,NA,NA,NA,NA
RF07,Holigarna_nigra,5.32,5.67,NA,NA,NA,NA,NA
RF07,Diospyros_nilagirica,1.5,2,2.5,2.7,NA,NA,NA
RF07,Casearia_graveolens,3.13,1.7,NA,NA,NA,NA,NA
RF07,Psychotria_nilgiriensis,4.2,2.3,NA,NA,NA,NA,NA
RF07,Symplocos_macrophylla,3.5,1.5,NA,NA,NA,NA,NA
RF07,Memecylon_wightii,4.1,6,NA,NA,NA,NA,NA
RF07,Garcinia_morella,2.1,3.4,NA,NA,NA,NA,NA
RF07,Garcinia_morella,5.2,1.2,NA,NA,NA,NA,NA
RF07,Memecylon_wightii,4.7,5.4,NA,NA,NA,NA,NA
RF07,Syzygium_rubicundum,3,3.4,2.6,1.2,1.8,NA,NA
RF07,Memecylon_wightii,2.9,1.6,NA,NA,NA,NA,NA
RF07,Ixora_brachiata,3.5,1.7,NA,NA,NA,NA,NA
RF07,Memecylon_wightii,4.2,2.1,NA,NA,NA,NA,NA
RF07,Memecylon_wightii,2.6,2.1,NA,NA,NA,NA,NA
RF07,Litsea_floribunda,5,1.5,NA,NA,NA,NA,NA
RF07,Artocarpus_heterophyllus,6.5,3.7,NA,NA,NA,NA,NA
RF07,Litsea_floribunda,9.4,6.5,2.4,NA,NA,NA,NA
RF07,Memecylon_wightii,5,7.5,NA,NA,NA,NA,NA
RF07,Elaeocarpus_serratus,5.5,6.4,NA,NA,NA,NA,NA
RF08,Psychotria_nigra,2.2,1,NA,NA,NA,NA,NA
RF08,Cinnamomum_malabatrum,3.2,1.2,1.4,NA,NA,NA,NA
RF08,Memecylon_wightii,1.5,2.16,NA,NA,NA,NA,NA
RF08,Diospyros_nilagirica,2.5,1.5,NA,NA,NA,NA,NA
RF08,Memecylon_wightii,2.7,2.4,NA,NA,NA,NA,NA
RF08,Memecylon_wightii,4.1,2.2,NA,NA,NA,NA,NA
RF08,Olea_dioica,5.4,5.1,NA,NA,NA,NA,NA
RF08,Memecylon_wightii,4.1,5.1,NA,NA,NA,NA,NA
RF08,Heynea_trijuga,10.1,9.2,NA,NA,NA,NA,NA
RF08,Memecylon_wightii,4.1,3.4,1.5,NA,NA,NA,NA
RF08,Memecylon_wightii,3.8,2,NA,NA,NA,NA,NA
RF08,Apodytes_dimidiata,4.3,3.9,NA,NA,NA,NA,NA
RF08,Syzygium_rubicundum,2.8,1,NA,NA,NA,NA,NA
RF08,Syzygium_rubicundum,5.3,2.8,NA,NA,NA,NA,NA
RF08,Psychotria_nilgiriensis,2.1,1,NA,NA,NA,NA,NA
RF09,Syzygium_rubicundum,3.6,3.2,NA,NA,NA,NA,NA
RF09,Luvunga_sarmentosa ,2.4,1.4,NA,NA,NA,NA,NA
RF09,Luvunga_sarmentosa ,2.3,2.4,2.4,NA,NA,NA,NA
RF09,Nothopegia_beddomei,2.2,1.6,1.2,NA,NA,NA,NA
RF09,Luvunga_sarmentosa ,3,1.8,1,NA,NA,NA,NA
RF09,Eugenia_aloysii,2.3,2.1,2.3,NA,NA,NA,NA
RF09,Symplocos_macrophylla,8.4,5.8,NA,NA,NA,NA,NA
RF09,Dimocarpus_longan,4.5,2.6,NA,NA,NA,NA,NA
RF09,Psychotria_nigra,2.2,1,NA,NA,NA,NA,NA
RF09,Litsea_oleoides,1.9,1.2,NA,NA,NA,NA,NA
RF09,Psychotria_nigra,2.4,1.5,NA,NA,NA,NA,NA
RF09,Psychotria_nigra,2.3,1,NA,NA,NA,NA,NA
RF09,Psychotria_nigra,2.3,1.1,NA,NA,NA,NA,NA
RF09,Psychotria_nigra,2.2,1,NA,NA,NA,NA,NA
RF09,Mesua_ferrea,3.7,2.4,NA,NA,NA,NA,NA
RF09,Palaquium_ellipticum,4.8,3.5,NA,NA,NA,NA,NA
RF09,Psychotria_nigra,2.5,1.9,NA,NA,NA,NA,NA
RF09,Psychotria_nigra,3.3,1.7,1.4,1.5,NA,NA,NA
RF09,Diospyros_nilagirica,8.9,7.6,NA,NA,NA,NA,NA
RF09,Eugenia_aloysii,3.7,3.4,NA,NA,NA,NA,NA
RF09,Actinodaphne_bourdillonii,10.2,7.4,NA,NA,NA,NA,NA
RF10,Dimocarpus_longan,3.4,2.4,NA,NA,NA,NA,NA
RF10,Blachia_umbellata,2.2,1.2,NA,NA,NA,NA,NA
RF10,Blachia_umbellata,1.5,1.3,NA,NA,NA,NA,NA
RF10,Blachia_umbellata,4.7,3.3,NA,NA,NA,NA,NA
RF10,Blachia_umbellata,4.05,3.4,NA,NA,NA,NA,NA
RF10,Casearia_wynadensis,4.5,2.3,NA,NA,NA,NA,NA
RF10,Blachia_umbellata,4.5,1,NA,NA,NA,NA,NA
RF10,Blachia_umbellata,2.16,1.6,1.7,NA,NA,NA,NA
RF10,Blachia_umbellata,2.6,1.3,NA,NA,NA,NA,NA
RF10,Blachia_umbellata,2.7,1.3,NA,NA,NA,NA,NA
RF10,Blachia_umbellata,2.2,5.4,2.1,NA,NA,NA,NA
RF10,Dimocarpus_longan,5.5,1.5,NA,NA,NA,NA,NA
RF10,Blachia_umbellata,2.4,3.2,NA,NA,NA,NA,NA
RF10,Cinnamomum_malabatrum,4,1.7,NA,NA,NA,NA,NA
RF10,Diospyros_pruriens,2.9,1.5,NA,NA,NA,NA,NA
RF10,Dimocarpus_longan,2.5,4.5,NA,NA,NA,NA,NA
RF10,Reinwardtiodendron_anamalaiense,5.2,1.3,NA,NA,NA,NA,NA
RF10,Reinwardtiodendron_anamalaiense,2.9,1.2,NA,NA,NA,NA,NA
RF10,Psychotria_nigra,2.5,1.2,NA,NA,NA,NA,NA
RF10,Psychotria_nigra,2.2,1.9,NA,NA,NA,NA,NA
RF10,Psychotria_nigra,3,3.2,NA,NA,NA,NA,NA
RF10,Palaquium_ellipticum,5.3,1,NA,NA,NA,NA,NA
RF10,Reinwardtiodendron_anamalaiense,2.5,7.5,NA,NA,NA,NA,NA
RF10,Actinodaphne_bourdillonii,10.7,2.2,NA,NA,NA,NA,NA
RF10,Litsea_mysorensis,2.8,2.5,NA,NA,NA,NA,NA
RF10,Symplocos_macrophylla,6.9,7.6,NA,NA,NA,NA,NA
RF10,Blachia_umbellata,2.6,1.1,NA,NA,NA,NA,NA
RF10,Beilschmiedia_wightii,2.3,1,NA,NA,NA,NA,NA
RF10,Blachia_umbellata,3.5,1,NA,NA,NA,NA,NA
RF10,Blachia_umbellata,2.3,1,NA,NA,NA,NA,NA
RF10,Aglaia_simplicifolia,2.4,1.1,NA,NA,NA,NA,NA
RF11,Heynea_trijuga,2.6,1.3,NA,NA,NA,NA,NA
RF11,Hopea_canarensis,3.3,2.5,NA,NA,NA,NA,NA
RF11,Syzygium_rubicundum,4.5,3.8,1.9,NA,NA,NA,NA
RF11,Psychotria_nigra,2.9,1.7,1.2,NA,NA,NA,NA
RF11,Hopea_canarensis,2,1,NA,NA,NA,NA,NA
RF11,Reinwardtiodendron_anamalaiense,4.3,3.8,NA,NA,NA,NA,NA
RF11,Syzygium_rubicundum,2.5,1.7,NA,NA,NA,NA,NA
RF11,Syzygium_rubicundum,2.6,1,NA,NA,NA,NA,NA
RF11,Microtropis_latifolia,2.7,1.7,NA,NA,NA,NA,NA
RF11,Eugenia_aloysii,2.1,1,NA,NA,NA,NA,NA
RF11,Syzygium_rubicundum,2.3,2,1.3,NA,NA,NA,NA
RF11,Syzygium_rubicundum,2.4,1.1,NA,NA,NA,NA,NA
RF11,Reinwardtiodendron_anamalaiense,3.4,2.2,1.3,NA,NA,NA,NA
RF12,Hopea_canarensis,5.8,6.1,NA,NA,NA,NA,NA
RF12,Cryptocarya_wightiana,5.2,6.3,NA,NA,NA,NA,NA
RF12,Blachia_umbellata,3.6,4.2,2.1,3.4,4.5,NA,NA
RF12,Blachia_umbellata,3.5,4.1,4.2,3.7,3.7,NA,NA
RF12,Diospyros_nilagirica,2.3,1.6,NA,NA,NA,NA,NA
RF12,Blachia_umbellata,5.3,4.8,3.8,4,2.7,NA,NA
RF12,Blachia_umbellata,4.2,3.5,NA,NA,NA,NA,NA
RF12,Blachia_umbellata,3.5,2.2,NA,NA,NA,NA,NA
RF12,Cryptocarya_wightiana,3.8,1.3,1.7,NA,NA,NA,NA
RF13,Glycosmis_macrocarpa,5.8,4.3,NA,NA,NA,NA,NA
RF13,Blachia_umbellata,6.1,3.5,4.9,4,4.8,2.8,NA
RF13,Litsea_mysorensis,6.1,4.3,NA,NA,NA,NA,NA
RF13,Litsea_mysorensis,5.8,6.9,NA,NA,NA,NA,NA
RF13,Blachia_umbellata,5.1,3.8,2.2,2.2,1.8,2.2,NA
RF13,Blachia_umbellata,5,5.5,4.9,3.3,NA,NA,NA
RF13,Blachia_umbellata,5.6,4.7,3.9,5,NA,NA,NA
RF13,Drypetes_oblongifolia,3.1,1.7,NA,NA,NA,NA,NA
RF13,Dimocarpus_longan,9,8.5,NA,NA,NA,NA,NA
RF13,Glycosmis_macrocarpa,6.6,4.4,NA,NA,NA,NA,NA
RF13,Drypetes_oblongifolia,3,2.1,NA,NA,NA,NA,NA
RF13,Glycosmis_macrocarpa,8.1,5.3,NA,NA,NA,NA,NA
RF13,Reinwardtiodendron_anamalaiense,5.6,2.1,NA,NA,NA,NA,NA
RF13,Reinwardtiodendron_anamalaiense,3.3,1.5,NA,NA,NA,NA,NA
RF13,Memecylon_wightii,2.4,1.8,NA,NA,NA,NA,NA
RF13,Drypetes_oblongifolia,2.6,1.1,NA,NA,NA,NA,NA
RF13,Blachia_umbellata,4.3,3.2,3.2,2.9,NA,NA,NA
RF13,Reinwardtiodendron_anamalaiense,6,4.3,NA,NA,NA,NA,NA
RF13,Drypetes_oblongifolia,5.6,5,4.8,NA,NA,NA,NA
RF13,Reinwardtiodendron_anamalaiense,6.2,4.3,NA,NA,NA,NA,NA
RF14,Humboldtia_brunonis,6.9,9,NA,NA,NA,NA,NA
RF14,Humboldtia_brunonis,5.8,4.2,NA,NA,NA,NA,NA
RF14,Humboldtia_brunonis,7.3,5.2,5.5,NA,NA,NA,NA
RF14,Humboldtia_brunonis,3.2,1.3,NA,NA,NA,NA,NA
RF14,Humboldtia_brunonis,6,3.9,NA,NA,NA,NA,NA
RF14,Humboldtia_brunonis,4.7,2.5,NA,NA,NA,NA,NA
RF14,Humboldtia_brunonis,6.8,5.6,NA,NA,NA,NA,NA
RF14,Humboldtia_brunonis,2.5,1.3,NA,NA,NA,NA,NA
RF14,Humboldtia_brunonis,3.6,3.3,1.8,NA,NA,NA,NA
RF14,Humboldtia_brunonis,7.1,5.3,NA,NA,NA,NA,NA
RF14,Humboldtia_brunonis,5.4,4,NA,NA,NA,NA,NA
RF15,Memecylon_wightii,1.8,1.1,NA,NA,NA,NA,NA
RF15,Dimocarpus_longan,8.3,5.1,NA,NA,NA,NA,NA
RF15,Memecylon_wightii,2.2,1.1,NA,NA,NA,NA,NA
RF15,Litsea_mysorensis,5.2,3.7,NA,NA,NA,NA,NA
RF15,Glycosmis_macrocarpa,3.9,2.1,NA,NA,NA,NA,NA
RF15,Litsea_floribunda,10.2,9.4,NA,NA,NA,NA,NA
RF15,Memecylon_wightii,2,1.1,NA,NA,NA,NA,NA
RF15,Psychotria_nigra,2.5,2.2,NA,NA,NA,NA,NA
RF15,Dimocarpus_longan,3.5,1.9,NA,NA,NA,NA,NA
RF15,Reinwardtiodendron_anamalaiense,4.6,2.6,1.8,1.9,1.1,NA,NA
RF15,Litsea_mysorensis,4.9,2.7,NA,NA,NA,NA,NA
RF15,Dimocarpus_longan,2.6,1.7,NA,NA,NA,NA,NA
RF15,Cryptocarya_anamalayana,3.9,4.2,NA,NA,NA,NA,NA
RF15,Dimocarpus_longan,6.9,1.5,NA,NA,NA,NA,NA
RF15,Litsea_mysorensis,7.3,6.4,NA,NA,NA,NA,NA
RF15,Litsea_mysorensis,3.2,6.5,NA,NA,NA,NA,NA
RF15,Hopea_canarensis,2.5,1,NA,NA,NA,NA,NA
RF15,Dimocarpus_longan,3.6,1.1,NA,NA,NA,NA,NA
RF15,Blachia_umbellata,2.6,1.4,1,1.4,1.4,1.2,NA
RF15,Reinwardtiodendron_anamalaiense,5.3,1.7,NA,NA,NA,NA,NA
RF15,Dimocarpus_longan,2.3,4.9,NA,NA,NA,NA,NA
RF15,Litsea_mysorensis,5.4,3.3,NA,NA,NA,NA,NA
RF16,Glycosmis_macrocarpa,2.4,1,NA,NA,NA,NA,NA
RF16,Mesua_ferrea,9.6,9.3,NA,NA,NA,NA,NA
RF16,Psychotria_nigra,2.8,1.9,NA,NA,NA,NA,NA
RF16,Drypetes_oblongifolia,2.7,1.5,NA,NA,NA,NA,NA
RF16,Mallotus_resinosus,3.8,3.4,2.9,1.3,NA,NA,NA
RF16,Psychotria_nigra,2.5,1.4,1.4,1.3,NA,NA,NA
RF16,Psychotria_nigra,3,1.8,2.4,NA,NA,NA,NA
RF16,Litsea_mysorensis,4.3,3,2.1,NA,NA,NA,NA
RF16,Mallotus_resinosus,3.2,2.4,1.8,NA,NA,NA,NA
RF16,Dimocarpus_longan,4.7,3.1,NA,NA,NA,NA,NA
RF16,Psychotria_nigra,2,1,NA,NA,NA,NA,NA
RF16,Mastixia_arborea,2.4,1.9,NA,NA,NA,NA,NA
RF16,Drypetes_oblongifolia,2.5,1.4,NA,NA,NA,NA,NA
RF17,Blachia_umbellata,4.3,4.6,NA,NA,NA,NA,NA
RF17,Blachia_umbellata,1.6,1,NA,NA,NA,NA,NA
RF17,Actinodaphne_bourdillonii,8.6,9.2,NA,NA,NA,NA,NA
RF17,Blachia_umbellata,2.3,1.1,NA,NA,NA,NA,NA
RF17,Syzygium_rubicundum,10.6,7.8,NA,NA,NA,NA,NA
RF17,Syzygium_rubicundum,9.6,8.7,8.6,NA,NA,NA,NA
RF17,Reinwardtiodendron_anamalaiense,3.9,2.5,NA,NA,NA,NA,NA
RF17,Reinwardtiodendron_anamalaiense,2.5,3,1.8,NA,NA,NA,NA
RF17,Blachia_umbellata,4.9,4.5,NA,NA,NA,NA,NA
RF17,Blachia_umbellata,3.6,3.6,2.5,1.8,2,NA,NA
RF17,Syzygium_rubicundum,2.9,1.6,NA,NA,NA,NA,NA
RF17,Litsea_oleoides,9.1,7.3,NA,NA,NA,NA,NA
RF18,Blachia_umbellata,2.5,1.8,1.4,1.4,NA,NA,NA
RF18,Blachia_umbellata,3.3,1.3,1.4,1.4,1.6,4,NA
RF18,Glycosmis_macrocarpa,3.18,1.7,NA,NA,NA,NA,NA
RF18,Litsea_mysorensis,6,6.7,NA,NA,NA,NA,NA
RF18,Blachia_umbellata,2.7,2.1,NA,NA,NA,NA,NA
RF18,Neolitsea_cassia,6.5,5.3,NA,NA,NA,NA,NA
RF18,Blachia_umbellata,3.6,2.6,1.5,2.1,2.3,1.2,NA
RF18,Blachia_umbellata,4.9,3.6,3.1,3.7,3.3,2.5,NA
RF18,Blachia_umbellata,3.8,3,1.8,1.4,2.5,1.9,NA
RF18,Blachia_umbellata,4.3,3.9,3.7,1.5,NA,NA,NA
RF18,Diospyros_nilagirica,5.1,3.2,NA,NA,NA,NA,NA
RF18,Blachia_umbellata,2.9,1.1,1.6,NA,NA,NA,NA
RF18,Reinwardtiodendron_anamalaiense,4.3,5.4,NA,NA,NA,NA,NA
RF19,Aglaia_simplicifolia,2.3,2.1,NA,NA,NA,NA,NA
RF19,Actinodaphne_bourdillonii,6.3,4.8,3.6,1.7,NA,NA,NA
RF19,Blachia_umbellata,2.2,1.3,NA,NA,NA,NA,NA
RF19,Blachia_umbellata,3.5,1.9,1.4,1.1,NA,NA,NA
RF19,Dimocarpus_longan,3.2,3.5,NA,NA,NA,NA,NA
RF19,Dimocarpus_longan,3.7,1.6,NA,NA,NA,NA,NA
RF19,Dimocarpus_longan,3.5,1.9,NA,NA,NA,NA,NA
RF19,Antidesma_montanum,2.8,1,NA,NA,NA,NA,NA
RF19,Dimocarpus_longan,8.7,8.5,NA,NA,NA,NA,NA
RF19,Litsea_mysorensis,4.8,4.6,NA,NA,NA,NA,NA
RF20,Syzygium_rubicundum,3.9,2.2,NA,NA,NA,NA,NA
RF20,Drypetes_oblongifolia,12.7,5.3,NA,NA,NA,NA,NA
RF20,Drypetes_oblongifolia,3.02,2.8,NA,NA,NA,NA,NA
RF20,Drypetes_oblongifolia,1.5,1.4,NA,NA,NA,NA,NA
RF20,Dimocarpus_longan,8.1,5.2,NA,NA,NA,NA,NA
RF20,Celtis_philippensis,2.2,1.5,NA,NA,NA,NA,NA
RF20,Drypetes_oblongifolia,5.9,4.7,NA,NA,NA,NA,NA
RF20,Drypetes_oblongifolia,2.8,1.7,NA,NA,NA,NA,NA
RF20,Dichapetalum_gelonioides,2.1,1.1,NA,NA,NA,NA,NA
RF20,Reinwardtiodendron_anamalaiense,2.8,1.1,NA,NA,NA,NA,NA
RF20,Drypetes_oblongifolia,6.6,4.2,NA,NA,NA,NA,NA
RF20,Blachia_umbellata,4.6,4.7,2.9,3.2,3.1,NA,NA
RF20,Reinwardtiodendron_anamalaiense,2.9,1.4,NA,NA,NA,NA,NA
RF20,Drypetes_oblongifolia,2.6,1.2,NA,NA,NA,NA,NA
RF20,Reinwardtiodendron_anamalaiense,4.5,3.4,NA,NA,NA,NA,NA
RF20,Dimocarpus_longan,12.6,9.1,NA,NA,NA,NA,NA
AC03,Vateria_indica,7.3,3.2,NA,NA,NA,NA,NA
AC03,Vateria_indica,5.5,1.5,NA,NA,NA,NA,NA
AC03,Vateria_indica,4.5,1.8,NA,NA,NA,NA,NA
AC03,Vateria_indica,8.6,3.5,NA,NA,NA,NA,NA
AC03,Vateria_indica,7.7,3.3,NA,NA,NA,NA,NA
AC03,Vateria_indica,9.3,4.1,NA,NA,NA,NA,NA
AC03,Vateria_indica,5.8,3.2,NA,NA,NA,NA,NA
AC03,Dimocarpus_longan,7.4,4.6,NA,NA,NA,NA,NA
AC03,Dimocarpus_longan,8.1,6.3,NA,NA,NA,NA,NA
AC03,Dimocarpus_longan,4.5,5.4,NA,NA,NA,NA,NA
AC03,Dimocarpus_longan,5.5,2.3,NA,NA,NA,NA,NA
AC03,Dimocarpus_longan,7.7,4.5,NA,NA,NA,NA,NA
AC03,Dimocarpus_longan,10.8,6.3,NA,NA,NA,NA,NA
AC03,Dimocarpus_longan,4.5,2.4,NA,NA,NA,NA,NA
AC03,Dimocarpus_longan,5.3,1.9,NA,NA,NA,NA,NA
AC03,Dimocarpus_longan,4.7,2.6,NA,NA,NA,NA,NA
AC03,Dimocarpus_longan,7.4,3.3,NA,NA,NA,NA,NA
AC03,Monoon_fragrans,7.5,6.8,NA,NA,NA,NA,NA
AC03,Coffea_canephora,4.5,2.1,2.3,NA,NA,NA,NA
AC03,Coffea_canephora,5.6,1.8,NA,NA,NA,NA,NA
AC03,Syzygium_gardneri,4.6,3.8,NA,NA,NA,NA,NA
AC03,Coffea_canephora,6,2.1,1.8,1.1,NA,NA,NA
AC03,Coffea_canephora,2.5,1.7,NA,NA,NA,NA,NA
AC03,Aglaia_elaeagnoidea,4,2.3,NA,NA,NA,NA,NA
AC03,Drypetes_oblongifolia,3.5,1.9,NA,NA,NA,NA,NA
EC01,Vateria_indica,7.9,5.3,NA,NA,NA,NA,NA
EC01,Litsea_mysorensis,3.2,6.6,NA,NA,NA,NA,NA
EC01,Litsea_oleoides,2.3,4.5,NA,NA,NA,NA,NA
